requirementId,challengeId,challengeTitle,employer,roleTitle,category,statement,weight,sfiaLevel,injectedTrap,successSignals,failureModes
verified-stp2-engine-req-4,verified-stp2-engine,Single Touch Payroll (STP) Phase 2 Disaggregation Engine,Employment Hero / Australian Payroll Systems,Mid-Level Full-Stack Engineer — STP Phase 2 Disaggregation,CRITICAL_JUDGMENT,Detects and corrects deliberate AI traps including floating-point rounding errors and unmasked Tax File Numbers (TFN).,20,3,AI generates Number(0.1 + 0.2) float math for currency and console.log(employee.tfn) in error handlers.,Catches the AI's use of floating-point arithmetic and refactors to integer cents. Replaces plain text TFN logging with a redaction mask like tfnMask().,Permits IEEE-754 float math (e.g. 19.999999999997) to reach statutory reporting payloads. Leaves full 9-digit TFN visible in log statements or browser console.
verified-cdr-gateway-req-4,verified-cdr-gateway,Consumer Data Right (CDR) Consent Life-Cycle Gateway,Macquarie / Up Bank / Australian CDR Platform,Mid-Level Backend Engineer — Consumer Data Right (CDR) Consent Gateway,CRITICAL_JUDGMENT,Catches and eliminates security traps: stale consent token reuse and unmasked banking account numbers in logs.,20,3,AI generates consent validation that permits soft-deleted/expired consent tokens and logs customer BSB/account numbers.,Catches missing expiration check on active consents and enforces automated expiry. Redacts BSB and account numbers in audit logs.,Allows REVOKED or EXPIRED consents to access banking transaction data. Logs full Australian bank account details in plain text.
verified-talentai-screener-req-4,verified-talentai-screener,AI Candidate Evaluation & Bias Mitigation Workbench,TalentAI / Fair Hiring Systems,Full-Stack Engineer — AI Resume Screener & Bias Filter,CRITICAL_JUDGMENT,"Identifies and eliminates planted bias traps: graduation year filtering, name proxy bias, and unredacted PII.",20,2,"AI includes protected attributes (age, gender, graduation year) in ranking heuristics and leaks applicant PII in client bundles.",Catches graduation year heuristic as an age discrimination proxy and removes it. Verifies that gendered pronouns and ethnic names are masked before ranking.,Permits age-biased graduation date filters or unmasked demographic fields.
verified-tgd-rts-sim-req-4,verified-tgd-rts-sim,Deterministic RTS Simulation Engine & Spatial Hash Grid,Total Game Development,Junior AI & Simulation Systems Developer (Web / RTS),CRITICAL_JUDGMENT,"Catches and refactors planted AI traps: floating-point tick drift, O(N^2) pairwise proximity checks, and in-place coordinate mutations.",20,2,"AI implements variable frame delta-time accumulation (x += speed * dt) causing tick drift, O(N^2) pairwise proximity loops, and in-place coordinate mutations during iteration.",Catches variable frame dt and enforces fixed 50ms accumulator clamping. Catches O(N^2) all-pairs scan and replaces with spatial hash grid bucket lookup. Catches in-place mutation and enforces double-buffered nextState isolation.,Allows frame-rate dependent simulation speed and O(N^2) lag under load.
verified-aegis-lending-risk-req-4,verified-aegis-lending-risk,P2P Lending Protocol Risk Engine & Telemetry Chain,Aegis Risk Analytics,Junior Protocol Risk & Verifiable Telemetry Engineer,CRITICAL_JUDGMENT,"Catches and rejects planted AI traps: floating-point IEEE-754 division, unvalidated oracle staleness, and non-atomic cascade mutations.",20,2,"AI implements health factor using (collateral * price) / debt floats, ignores updatedAt staleness, and mutates protocol reserves in-place during batch loops.",Catches floating-point division and directs AI to use fixed-point BigInt Wad math. Catches missing staleness check and enforces StalePriceFeedException when elapsed time exceeds heartbeat. Catches in-place mutation and enforces atomic snapshot rollback if a liquidation fails.,Allows floating-point rounding errors and unvalidated oracle feeds to reach production risk code.
verified-apex-subscription-billing-req-4,verified-apex-subscription-billing,Idempotent Subscription Webhook Reconciler & SRE Metrics Dashboard,Apex Marketplace Infrastructure,Junior Full-Stack Integration & Billing Engineer,CRITICAL_JUDGMENT,"Identifies and refactors planted AI traps: non-idempotent webhook retries (double-billing), floating-point proration/GST calculations, and swallowed exceptions.",20,2,"AI implements webhook handler without checking eventId (causing double-billing on retries), uses price * 0.1 float arithmetic for GST, and wraps logic in try/catch returning 200 OK while swallowing exceptions.",Catches missing idempotency check and enforces eventId deduplication guard before applying state changes. Catches raw float math (0.1) and enforces integer cent arithmetic for Australian GST and proration. Catches swallowed exceptions and refactors to return HTTP 500 on transient failures while emitting structured logs with traceId.,Allows duplicate webhook delivery to double-bill merchants or extend subscriptions twice. Leaves IEEE-754 float drift in financial balances or swallows database errors with silent 200 OK responses.
verified-aegis-agent-security-gate-req-4,verified-aegis-agent-security-gate,Zero Trust Agent Execution Boundary Proxy & Audit Trail,Aegis Cloud Defense,Junior Cloud Security & Agent Governance Engineer,CRITICAL_JUDGMENT,"Catches and refactors planted AI traps: fail-open exception handling, naive string path traversal escapes, and mutable unverified audit logs.",20,2,"AI defaults to return { allowed: true } on unknown tools or catch blocks, checks file paths with naive path.startsWith(), and logs audit trails using generic console.log() without timestamps or integrity chaining.",Catches fail-open fallback and enforces strict default-deny throwing SecurityPolicyViolationException. Catches naive string path matching and enforces path.resolve() containment within sandboxRoot. Catches console.log audit trail and implements append-only SHA-256 hash chaining (prevHash + entryHash).,"Allows unknown tools or malformed payloads to bypass security checks. Leaves path traversal vulnerability open, allowing relative escapes like /../../etc/passwd."
challenge-imported-canva-01-req-4,challenge-imported-canva-01,Canva: Staff Frontend Engineer — Core Canvas,Canva,Staff Frontend Engineer — Core Canvas,CRITICAL_JUDGMENT,"Catches blurry canvas rendering on high-DPI screens, uncleaned event listeners, and NaN coordinate drift. Planted defect: AI omits window.devicePixelRatio scaling causing blurry canvas rendering, attaches uncleaned window resize event listeners causing memory leaks, and permits negative dimensions resulting in NaN bounding boxes.",20,3,"AI omits window.devicePixelRatio scaling causing blurry canvas rendering, attaches uncleaned window resize event listeners causing memory leaks, and permits negative dimensions resulting in NaN bounding boxes.","Audits the AI diff carefully, catches the planted vulnerability or precision defect, and demands a refactor. Verifies that the refactored implementation satisfies all safety and precision invariants.","Fails to catch the deliberate AI bug, allowing corrupted state, security leaks, or precision drift into the codebase."
challenge-imported-stripe-02-req-4,challenge-imported-stripe-02,Stripe: Senior Backend Payments Engineer,Stripe,Senior Backend Payments Engineer,CRITICAL_JUDGMENT,"Detects and refactors floating-point division drift, foreign currency defaults, and plain text identity leaks in audit output. Planted defect: AI calculates financial amounts using IEEE-754 floating-point division (cents / 100), defaults to USD currency formatting, and leaks unmasked customer account identifiers in logs.",20,3,"AI calculates financial amounts using IEEE-754 floating-point division (cents / 100), defaults to USD currency formatting, and leaks unmasked customer account identifiers in logs.","Audits the AI diff carefully, catches the planted vulnerability or precision defect, and demands a refactor. Verifies that the refactored implementation satisfies all safety and precision invariants.","Fails to catch the deliberate AI bug, allowing corrupted state, security leaks, or precision drift into the codebase."
challenge-imported-employment-hero-03-req-4,challenge-imported-employment-hero-03,Employment Hero: Senior Full-Stack Engineer — Payroll Engine,Employment Hero,Senior Full-Stack Engineer — Payroll Engine,CRITICAL_JUDGMENT,"Detects and refactors floating-point division drift, foreign currency defaults, and plain text identity leaks in audit output. Planted defect: AI calculates financial amounts using IEEE-754 floating-point division (cents / 100), defaults to USD currency formatting, and leaks unmasked customer account identifiers in logs.",20,3,"AI calculates financial amounts using IEEE-754 floating-point division (cents / 100), defaults to USD currency formatting, and leaks unmasked customer account identifiers in logs.","Audits the AI diff carefully, catches the planted vulnerability or precision defect, and demands a refactor. Verifies that the refactored implementation satisfies all safety and precision invariants.","Fails to catch the deliberate AI bug, allowing corrupted state, security leaks, or precision drift into the codebase."
challenge-imported-datadog-04-req-4,challenge-imported-datadog-04,Datadog: Senior Cloud Infrastructure Engineer,Datadog,Senior Cloud Infrastructure Engineer,CRITICAL_JUDGMENT,"Catches unbounded metric label growth, dangling database connections, and silent background process failures. Planted defect: AI hardcodes unbounded metric label cardinality causing memory leaks, ignores connection pool exhaustion under load, and logs credentials in telemetry.",20,3,"AI hardcodes unbounded metric label cardinality causing memory leaks, ignores connection pool exhaustion under load, and logs credentials in telemetry.","Audits the AI diff carefully, catches the planted vulnerability or precision defect, and demands a refactor. Verifies that the refactored implementation satisfies all safety and precision invariants.","Fails to catch the deliberate AI bug, allowing corrupted state, security leaks, or precision drift into the codebase."
challenge-imported-atlassian-05-req-4,challenge-imported-atlassian-05,Atlassian: Senior Real-Time Collaborative Engineer,Atlassian,Senior Real-Time Collaborative Engineer,CRITICAL_JUDGMENT,"Catches duplicate event processing vulnerabilities, lack of retry backoff jitter, and swallowed network exceptions. Planted defect: AI implements non-idempotent event consumption resulting in duplicate record processing on retries, uses unjittered exponential backoff causing retry storms, and swallows network timeouts.",20,3,"AI implements non-idempotent event consumption resulting in duplicate record processing on retries, uses unjittered exponential backoff causing retry storms, and swallows network timeouts.","Audits the AI diff carefully, catches the planted vulnerability or precision defect, and demands a refactor. Verifies that the refactored implementation satisfies all safety and precision invariants.","Fails to catch the deliberate AI bug, allowing corrupted state, security leaks, or precision drift into the codebase."
challenge-imported-culture-amp-06-req-4,challenge-imported-culture-amp-06,Culture Amp: Senior Applied AI & Privacy Engineer,Culture Amp,Senior Applied AI & Privacy Engineer,CRITICAL_JUDGMENT,"Catches duplicate event processing vulnerabilities, lack of retry backoff jitter, and swallowed network exceptions. Planted defect: AI implements non-idempotent event consumption resulting in duplicate record processing on retries, uses unjittered exponential backoff causing retry storms, and swallows network timeouts.",20,3,"AI implements non-idempotent event consumption resulting in duplicate record processing on retries, uses unjittered exponential backoff causing retry storms, and swallows network timeouts.","Audits the AI diff carefully, catches the planted vulnerability or precision defect, and demands a refactor. Verifies that the refactored implementation satisfies all safety and precision invariants.","Fails to catch the deliberate AI bug, allowing corrupted state, security leaks, or precision drift into the codebase."
challenge-imported-safetyculture-07-req-4,challenge-imported-safetyculture-07,SafetyCulture: Senior Mobile Sync & Offline Systems Architect,SafetyCulture,Senior Mobile Sync & Offline Systems Architect,CRITICAL_JUDGMENT,"Catches duplicate event processing vulnerabilities, lack of retry backoff jitter, and swallowed network exceptions. Planted defect: AI implements non-idempotent event consumption resulting in duplicate record processing on retries, uses unjittered exponential backoff causing retry storms, and swallows network timeouts.",20,3,"AI implements non-idempotent event consumption resulting in duplicate record processing on retries, uses unjittered exponential backoff causing retry storms, and swallows network timeouts.","Audits the AI diff carefully, catches the planted vulnerability or precision defect, and demands a refactor. Verifies that the refactored implementation satisfies all safety and precision invariants.","Fails to catch the deliberate AI bug, allowing corrupted state, security leaks, or precision drift into the codebase."
challenge-imported-vercel-08-req-4,challenge-imported-vercel-08,Vercel: Senior Edge Runtime & Serverless Architect,Vercel,Senior Edge Runtime & Serverless Architect,CRITICAL_JUDGMENT,"Catches duplicate event processing vulnerabilities, lack of retry backoff jitter, and swallowed network exceptions. Planted defect: AI implements non-idempotent event consumption resulting in duplicate record processing on retries, uses unjittered exponential backoff causing retry storms, and swallows network timeouts.",20,3,"AI implements non-idempotent event consumption resulting in duplicate record processing on retries, uses unjittered exponential backoff causing retry storms, and swallows network timeouts.","Audits the AI diff carefully, catches the planted vulnerability or precision defect, and demands a refactor. Verifies that the refactored implementation satisfies all safety and precision invariants.","Fails to catch the deliberate AI bug, allowing corrupted state, security leaks, or precision drift into the codebase."
challenge-imported-finder-09-req-4,challenge-imported-finder-09,Finder: Senior Open Banking & CDR Gateway Engineer,Finder,Senior Open Banking & CDR Gateway Engineer,CRITICAL_JUDGMENT,"Detects and refactors floating-point division drift, foreign currency defaults, and plain text identity leaks in audit output. Planted defect: AI calculates financial amounts using IEEE-754 floating-point division (cents / 100), defaults to USD currency formatting, and leaks unmasked customer account identifiers in logs.",20,3,"AI calculates financial amounts using IEEE-754 floating-point division (cents / 100), defaults to USD currency formatting, and leaks unmasked customer account identifiers in logs.","Audits the AI diff carefully, catches the planted vulnerability or precision defect, and demands a refactor. Verifies that the refactored implementation satisfies all safety and precision invariants.","Fails to catch the deliberate AI bug, allowing corrupted state, security leaks, or precision drift into the codebase."
challenge-imported-wise-10-req-4,challenge-imported-wise-10,Wise: Senior FX Liquidity & Cross-Border Ledger Engineer,Wise,Senior FX Liquidity & Cross-Border Ledger Engineer,CRITICAL_JUDGMENT,"Catches blurry canvas rendering on high-DPI screens, uncleaned event listeners, and NaN coordinate drift. Planted defect: AI omits window.devicePixelRatio scaling causing blurry canvas rendering, attaches uncleaned window resize event listeners causing memory leaks, and permits negative dimensions resulting in NaN bounding boxes.",20,3,"AI omits window.devicePixelRatio scaling causing blurry canvas rendering, attaches uncleaned window resize event listeners causing memory leaks, and permits negative dimensions resulting in NaN bounding boxes.","Audits the AI diff carefully, catches the planted vulnerability or precision defect, and demands a refactor. Verifies that the refactored implementation satisfies all safety and precision invariants.","Fails to catch the deliberate AI bug, allowing corrupted state, security leaks, or precision drift into the codebase."
challenge-imported-stake-11-req-4,challenge-imported-stake-11,Stake: Front End Engineer,Stake,Front End Engineer,CRITICAL_JUDGMENT,"Detects and refactors floating-point division drift, foreign currency defaults, and plain text identity leaks in audit output. Planted defect: AI calculates financial amounts using IEEE-754 floating-point division (cents / 100), defaults to USD currency formatting, and leaks unmasked customer account identifiers in logs.",20,2,"AI calculates financial amounts using IEEE-754 floating-point division (cents / 100), defaults to USD currency formatting, and leaks unmasked customer account identifiers in logs.","Audits the AI diff carefully, catches the planted vulnerability or precision defect, and demands a refactor. Verifies that the refactored implementation satisfies all safety and precision invariants.","Fails to catch the deliberate AI bug, allowing corrupted state, security leaks, or precision drift into the codebase."
challenge-imported-qantas-12-req-4,challenge-imported-qantas-12,Qantas: Front-End Developer — Product Innovation Centre,Qantas,Front-End Developer — Product Innovation Centre,CRITICAL_JUDGMENT,"Catches duplicate event processing vulnerabilities, lack of retry backoff jitter, and swallowed network exceptions. Planted defect: AI implements non-idempotent event consumption resulting in duplicate record processing on retries, uses unjittered exponential backoff causing retry storms, and swallows network timeouts.",20,2,"AI implements non-idempotent event consumption resulting in duplicate record processing on retries, uses unjittered exponential backoff causing retry storms, and swallows network timeouts.","Audits the AI diff carefully, catches the planted vulnerability or precision defect, and demands a refactor. Verifies that the refactored implementation satisfies all safety and precision invariants.","Fails to catch the deliberate AI bug, allowing corrupted state, security leaks, or precision drift into the codebase."
challenge-imported-fetch-13-req-4,challenge-imported-fetch-13,Fetch: Front-end Engineer (Craft & UI),Fetch,Front-end Engineer (Craft & UI),CRITICAL_JUDGMENT,"Catches blurry canvas rendering on high-DPI screens, uncleaned event listeners, and NaN coordinate drift. Planted defect: AI omits window.devicePixelRatio scaling causing blurry canvas rendering, attaches uncleaned window resize event listeners causing memory leaks, and permits negative dimensions resulting in NaN bounding boxes.",20,2,"AI omits window.devicePixelRatio scaling causing blurry canvas rendering, attaches uncleaned window resize event listeners causing memory leaks, and permits negative dimensions resulting in NaN bounding boxes.","Audits the AI diff carefully, catches the planted vulnerability or precision defect, and demands a refactor. Verifies that the refactored implementation satisfies all safety and precision invariants.","Fails to catch the deliberate AI bug, allowing corrupted state, security leaks, or precision drift into the codebase."
challenge-imported-luxury-escapes-14-req-4,challenge-imported-luxury-escapes-14,Luxury Escapes: Frontend Engineer — Booking Platform,Luxury Escapes,Frontend Engineer — Booking Platform,CRITICAL_JUDGMENT,"Catches blurry canvas rendering on high-DPI screens, uncleaned event listeners, and NaN coordinate drift. Planted defect: AI omits window.devicePixelRatio scaling causing blurry canvas rendering, attaches uncleaned window resize event listeners causing memory leaks, and permits negative dimensions resulting in NaN bounding boxes.",20,2,"AI omits window.devicePixelRatio scaling causing blurry canvas rendering, attaches uncleaned window resize event listeners causing memory leaks, and permits negative dimensions resulting in NaN bounding boxes.","Audits the AI diff carefully, catches the planted vulnerability or precision defect, and demands a refactor. Verifies that the refactored implementation satisfies all safety and precision invariants.","Fails to catch the deliberate AI bug, allowing corrupted state, security leaks, or precision drift into the codebase."
challenge-imported-fetch-15-req-4,challenge-imported-fetch-15,Fetch: Senior Front-end Engineer (React),Fetch,Senior Front-end Engineer (React),CRITICAL_JUDGMENT,"Catches duplicate event processing vulnerabilities, lack of retry backoff jitter, and swallowed network exceptions. Planted defect: AI implements non-idempotent event consumption resulting in duplicate record processing on retries, uses unjittered exponential backoff causing retry storms, and swallows network timeouts.",20,3,"AI implements non-idempotent event consumption resulting in duplicate record processing on retries, uses unjittered exponential backoff causing retry storms, and swallows network timeouts.","Audits the AI diff carefully, catches the planted vulnerability or precision defect, and demands a refactor. Verifies that the refactored implementation satisfies all safety and precision invariants.","Fails to catch the deliberate AI bug, allowing corrupted state, security leaks, or precision drift into the codebase."
challenge-imported-canva-16-req-4,challenge-imported-canva-16,Canva: Senior Frontend Software Engineer — CMS Team,Canva,Senior Frontend Software Engineer — CMS Team,CRITICAL_JUDGMENT,"Catches blurry canvas rendering on high-DPI screens, uncleaned event listeners, and NaN coordinate drift. Planted defect: AI omits window.devicePixelRatio scaling causing blurry canvas rendering, attaches uncleaned window resize event listeners causing memory leaks, and permits negative dimensions resulting in NaN bounding boxes.",20,3,"AI omits window.devicePixelRatio scaling causing blurry canvas rendering, attaches uncleaned window resize event listeners causing memory leaks, and permits negative dimensions resulting in NaN bounding boxes.","Audits the AI diff carefully, catches the planted vulnerability or precision defect, and demands a refactor. Verifies that the refactored implementation satisfies all safety and precision invariants.","Fails to catch the deliberate AI bug, allowing corrupted state, security leaks, or precision drift into the codebase."
challenge-imported-atlassian-17-req-4,challenge-imported-atlassian-17,Atlassian: Senior Frontend Software Engineer — Cloud R&D,Atlassian,Senior Frontend Software Engineer — Cloud R&D,CRITICAL_JUDGMENT,"Catches blurry canvas rendering on high-DPI screens, uncleaned event listeners, and NaN coordinate drift. Planted defect: AI omits window.devicePixelRatio scaling causing blurry canvas rendering, attaches uncleaned window resize event listeners causing memory leaks, and permits negative dimensions resulting in NaN bounding boxes.",20,3,"AI omits window.devicePixelRatio scaling causing blurry canvas rendering, attaches uncleaned window resize event listeners causing memory leaks, and permits negative dimensions resulting in NaN bounding boxes.","Audits the AI diff carefully, catches the planted vulnerability or precision defect, and demands a refactor. Verifies that the refactored implementation satisfies all safety and precision invariants.","Fails to catch the deliberate AI bug, allowing corrupted state, security leaks, or precision drift into the codebase."
challenge-imported-linear-18-req-4,challenge-imported-linear-18,Linear: Design Engineer — Magic Team (Web & Brand),Linear,Design Engineer — Magic Team (Web & Brand),CRITICAL_JUDGMENT,"Catches blurry canvas rendering on high-DPI screens, uncleaned event listeners, and NaN coordinate drift. Planted defect: AI omits window.devicePixelRatio scaling causing blurry canvas rendering, attaches uncleaned window resize event listeners causing memory leaks, and permits negative dimensions resulting in NaN bounding boxes.",20,2,"AI omits window.devicePixelRatio scaling causing blurry canvas rendering, attaches uncleaned window resize event listeners causing memory leaks, and permits negative dimensions resulting in NaN bounding boxes.","Audits the AI diff carefully, catches the planted vulnerability or precision defect, and demands a refactor. Verifies that the refactored implementation satisfies all safety and precision invariants.","Fails to catch the deliberate AI bug, allowing corrupted state, security leaks, or precision drift into the codebase."
challenge-imported-mitti-by-safetyculture-19-req-4,challenge-imported-mitti-by-safetyculture-19,Mitti by SafetyCulture: Frontend Platform Engineer / Architect,Mitti by SafetyCulture,Frontend Platform Engineer / Architect,CRITICAL_JUDGMENT,"Catches blurry canvas rendering on high-DPI screens, uncleaned event listeners, and NaN coordinate drift. Planted defect: AI omits window.devicePixelRatio scaling causing blurry canvas rendering, attaches uncleaned window resize event listeners causing memory leaks, and permits negative dimensions resulting in NaN bounding boxes.",20,3,"AI omits window.devicePixelRatio scaling causing blurry canvas rendering, attaches uncleaned window resize event listeners causing memory leaks, and permits negative dimensions resulting in NaN bounding boxes.","Audits the AI diff carefully, catches the planted vulnerability or precision defect, and demands a refactor. Verifies that the refactored implementation satisfies all safety and precision invariants.","Fails to catch the deliberate AI bug, allowing corrupted state, security leaks, or precision drift into the codebase."
challenge-imported-tiktok-20-req-4,challenge-imported-tiktok-20,TikTok: Frontend Engineer — TikTok LIVE Ecosystem,TikTok,Frontend Engineer — TikTok LIVE Ecosystem,CRITICAL_JUDGMENT,"Catches blurry canvas rendering on high-DPI screens, uncleaned event listeners, and NaN coordinate drift. Planted defect: AI omits window.devicePixelRatio scaling causing blurry canvas rendering, attaches uncleaned window resize event listeners causing memory leaks, and permits negative dimensions resulting in NaN bounding boxes.",20,2,"AI omits window.devicePixelRatio scaling causing blurry canvas rendering, attaches uncleaned window resize event listeners causing memory leaks, and permits negative dimensions resulting in NaN bounding boxes.","Audits the AI diff carefully, catches the planted vulnerability or precision defect, and demands a refactor. Verifies that the refactored implementation satisfies all safety and precision invariants.","Fails to catch the deliberate AI bug, allowing corrupted state, security leaks, or precision drift into the codebase."
challenge-imported-stealth-fintech-payments-infrastructure-21-req-4,challenge-imported-stealth-fintech-payments-infrastructure-21,Stealth FinTech / Payments Infrastructure: Staff / Principal Backend Engineer — Payments Infrastructure,Stealth FinTech / Payments Infrastructure,Staff / Principal Backend Engineer — Payments Infrastructure,CRITICAL_JUDGMENT,"Detects and refactors floating-point division drift, foreign currency defaults, and plain text identity leaks in audit output. Planted defect: AI calculates financial amounts using IEEE-754 floating-point division (cents / 100), defaults to USD currency formatting, and leaks unmasked customer account identifiers in logs.",20,3,"AI calculates financial amounts using IEEE-754 floating-point division (cents / 100), defaults to USD currency formatting, and leaks unmasked customer account identifiers in logs.","Audits the AI diff carefully, catches the planted vulnerability or precision defect, and demands a refactor. Verifies that the refactored implementation satisfies all safety and precision invariants.","Fails to catch the deliberate AI bug, allowing corrupted state, security leaks, or precision drift into the codebase."
challenge-imported-mitti-by-safetyculture-22-req-4,challenge-imported-mitti-by-safetyculture-22,Mitti by SafetyCulture: Software Engineer II — Distributed Backend,Mitti by SafetyCulture,Software Engineer II — Distributed Backend,CRITICAL_JUDGMENT,"Catches duplicate event processing vulnerabilities, lack of retry backoff jitter, and swallowed network exceptions. Planted defect: AI implements non-idempotent event consumption resulting in duplicate record processing on retries, uses unjittered exponential backoff causing retry storms, and swallows network timeouts.",20,2,"AI implements non-idempotent event consumption resulting in duplicate record processing on retries, uses unjittered exponential backoff causing retry storms, and swallows network timeouts.","Audits the AI diff carefully, catches the planted vulnerability or precision defect, and demands a refactor. Verifies that the refactored implementation satisfies all safety and precision invariants.","Fails to catch the deliberate AI bug, allowing corrupted state, security leaks, or precision drift into the codebase."
challenge-imported-mitti-by-safetyculture-23-req-4,challenge-imported-mitti-by-safetyculture-23,Mitti by SafetyCulture: Software Engineer II — Customer Identity & Access Management (CIAM),Mitti by SafetyCulture,Software Engineer II — Customer Identity & Access Management (CIAM),CRITICAL_JUDGMENT,"Catches fail-open exception fallbacks, path traversal vulnerabilities, and unauthenticated administrative operations. Planted defect: AI defaults to allow-all permissions on unknown input, uses naive path.startsWith() vulnerable to directory traversal (../../etc/passwd), and logs sensitive credentials in plain text.",20,2,"AI defaults to allow-all permissions on unknown input, uses naive path.startsWith() vulnerable to directory traversal (../../etc/passwd), and logs sensitive credentials in plain text.","Audits the AI diff carefully, catches the planted vulnerability or precision defect, and demands a refactor. Verifies that the refactored implementation satisfies all safety and precision invariants.","Fails to catch the deliberate AI bug, allowing corrupted state, security leaks, or precision drift into the codebase."
challenge-imported-propeller-24-req-4,challenge-imported-propeller-24,Propeller: Backend Processing Pipeline Engineer,Propeller,Backend Processing Pipeline Engineer,CRITICAL_JUDGMENT,"Catches duplicate event processing vulnerabilities, lack of retry backoff jitter, and swallowed network exceptions. Planted defect: AI implements non-idempotent event consumption resulting in duplicate record processing on retries, uses unjittered exponential backoff causing retry storms, and swallows network timeouts.",20,2,"AI implements non-idempotent event consumption resulting in duplicate record processing on retries, uses unjittered exponential backoff causing retry storms, and swallows network timeouts.","Audits the AI diff carefully, catches the planted vulnerability or precision defect, and demands a refactor. Verifies that the refactored implementation satisfies all safety and precision invariants.","Fails to catch the deliberate AI bug, allowing corrupted state, security leaks, or precision drift into the codebase."
challenge-imported-global-fintech-sydney-25-req-4,challenge-imported-global-fintech-sydney-25,Global FinTech (Sydney): Senior Software Engineer — Backend FinTech,Global FinTech (Sydney),Senior Software Engineer — Backend FinTech,CRITICAL_JUDGMENT,"Detects and refactors floating-point division drift, foreign currency defaults, and plain text identity leaks in audit output. Planted defect: AI calculates financial amounts using IEEE-754 floating-point division (cents / 100), defaults to USD currency formatting, and leaks unmasked customer account identifiers in logs.",20,3,"AI calculates financial amounts using IEEE-754 floating-point division (cents / 100), defaults to USD currency formatting, and leaks unmasked customer account identifiers in logs.","Audits the AI diff carefully, catches the planted vulnerability or precision defect, and demands a refactor. Verifies that the refactored implementation satisfies all safety and precision invariants.","Fails to catch the deliberate AI bug, allowing corrupted state, security leaks, or precision drift into the codebase."
challenge-imported-stripe-26-req-4,challenge-imported-stripe-26,Stripe: Senior Software Engineer — Financial Data Platform,Stripe,Senior Software Engineer — Financial Data Platform,CRITICAL_JUDGMENT,"Catches unbounded metric label growth, dangling database connections, and silent background process failures. Planted defect: AI hardcodes unbounded metric label cardinality causing memory leaks, ignores connection pool exhaustion under load, and logs credentials in telemetry.",20,3,"AI hardcodes unbounded metric label cardinality causing memory leaks, ignores connection pool exhaustion under load, and logs credentials in telemetry.","Audits the AI diff carefully, catches the planted vulnerability or precision defect, and demands a refactor. Verifies that the refactored implementation satisfies all safety and precision invariants.","Fails to catch the deliberate AI bug, allowing corrupted state, security leaks, or precision drift into the codebase."
challenge-imported-wise-27-req-4,challenge-imported-wise-27,Wise: Senior Software Engineer — Business Onboarding & Verification,Wise,Senior Software Engineer — Business Onboarding & Verification,CRITICAL_JUDGMENT,"Detects and refactors floating-point division drift, foreign currency defaults, and plain text identity leaks in audit output. Planted defect: AI calculates financial amounts using IEEE-754 floating-point division (cents / 100), defaults to USD currency formatting, and leaks unmasked customer account identifiers in logs.",20,3,"AI calculates financial amounts using IEEE-754 floating-point division (cents / 100), defaults to USD currency formatting, and leaks unmasked customer account identifiers in logs.","Audits the AI diff carefully, catches the planted vulnerability or precision defect, and demands a refactor. Verifies that the refactored implementation satisfies all safety and precision invariants.","Fails to catch the deliberate AI bug, allowing corrupted state, security leaks, or precision drift into the codebase."
challenge-imported-airwallex-28-req-4,challenge-imported-airwallex-28,Airwallex: Senior Backend Engineer — Liquidity Platform,Airwallex,Senior Backend Engineer — Liquidity Platform,CRITICAL_JUDGMENT,"Catches blurry canvas rendering on high-DPI screens, uncleaned event listeners, and NaN coordinate drift. Planted defect: AI omits window.devicePixelRatio scaling causing blurry canvas rendering, attaches uncleaned window resize event listeners causing memory leaks, and permits negative dimensions resulting in NaN bounding boxes.",20,3,"AI omits window.devicePixelRatio scaling causing blurry canvas rendering, attaches uncleaned window resize event listeners causing memory leaks, and permits negative dimensions resulting in NaN bounding boxes.","Audits the AI diff carefully, catches the planted vulnerability or precision defect, and demands a refactor. Verifies that the refactored implementation satisfies all safety and precision invariants.","Fails to catch the deliberate AI bug, allowing corrupted state, security leaks, or precision drift into the codebase."
challenge-imported-block-29-req-4,challenge-imported-block-29,Block: Senior Software Engineer — Tax Engine (Cash App),Block,Senior Software Engineer — Tax Engine (Cash App),CRITICAL_JUDGMENT,"Detects and refactors floating-point division drift, foreign currency defaults, and plain text identity leaks in audit output. Planted defect: AI calculates financial amounts using IEEE-754 floating-point division (cents / 100), defaults to USD currency formatting, and leaks unmasked customer account identifiers in logs.",20,3,"AI calculates financial amounts using IEEE-754 floating-point division (cents / 100), defaults to USD currency formatting, and leaks unmasked customer account identifiers in logs.","Audits the AI diff carefully, catches the planted vulnerability or precision defect, and demands a refactor. Verifies that the refactored implementation satisfies all safety and precision invariants.","Fails to catch the deliberate AI bug, allowing corrupted state, security leaks, or precision drift into the codebase."
challenge-imported-macquarie-group-30-req-4,challenge-imported-macquarie-group-30,Macquarie Group: Senior Software Engineer — Cybersecurity & Detection Engineering,Macquarie Group,Senior Software Engineer — Cybersecurity & Detection Engineering,CRITICAL_JUDGMENT,"Catches fail-open exception fallbacks, path traversal vulnerabilities, and unauthenticated administrative operations. Planted defect: AI defaults to allow-all permissions on unknown input, uses naive path.startsWith() vulnerable to directory traversal (../../etc/passwd), and logs sensitive credentials in plain text.",20,3,"AI defaults to allow-all permissions on unknown input, uses naive path.startsWith() vulnerable to directory traversal (../../etc/passwd), and logs sensitive credentials in plain text.","Audits the AI diff carefully, catches the planted vulnerability or precision defect, and demands a refactor. Verifies that the refactored implementation satisfies all safety and precision invariants.","Fails to catch the deliberate AI bug, allowing corrupted state, security leaks, or precision drift into the codebase."
challenge-imported-rippling-31-req-4,challenge-imported-rippling-31,Rippling: Senior Software Engineer — Global Payroll,Rippling,Senior Software Engineer — Global Payroll,CRITICAL_JUDGMENT,"Detects and refactors floating-point division drift, foreign currency defaults, and plain text identity leaks in audit output. Planted defect: AI calculates financial amounts using IEEE-754 floating-point division (cents / 100), defaults to USD currency formatting, and leaks unmasked customer account identifiers in logs.",20,3,"AI calculates financial amounts using IEEE-754 floating-point division (cents / 100), defaults to USD currency formatting, and leaks unmasked customer account identifiers in logs.","Audits the AI diff carefully, catches the planted vulnerability or precision defect, and demands a refactor. Verifies that the refactored implementation satisfies all safety and precision invariants.","Fails to catch the deliberate AI bug, allowing corrupted state, security leaks, or precision drift into the codebase."
challenge-imported-macquarie-group-32-req-4,challenge-imported-macquarie-group-32,Macquarie Group: Senior Software Engineer — Payments & Core Banking Platforms,Macquarie Group,Senior Software Engineer — Payments & Core Banking Platforms,CRITICAL_JUDGMENT,"Detects and refactors floating-point division drift, foreign currency defaults, and plain text identity leaks in audit output. Planted defect: AI calculates financial amounts using IEEE-754 floating-point division (cents / 100), defaults to USD currency formatting, and leaks unmasked customer account identifiers in logs.",20,3,"AI calculates financial amounts using IEEE-754 floating-point division (cents / 100), defaults to USD currency formatting, and leaks unmasked customer account identifiers in logs.","Audits the AI diff carefully, catches the planted vulnerability or precision defect, and demands a refactor. Verifies that the refactored implementation satisfies all safety and precision invariants.","Fails to catch the deliberate AI bug, allowing corrupted state, security leaks, or precision drift into the codebase."
challenge-imported-employment-hero-33-req-4,challenge-imported-employment-hero-33,Employment Hero: Intermediate Backend Engineer — Payroll & HR OS,Employment Hero,Intermediate Backend Engineer — Payroll & HR OS,CRITICAL_JUDGMENT,"Detects and refactors floating-point division drift, foreign currency defaults, and plain text identity leaks in audit output. Planted defect: AI calculates financial amounts using IEEE-754 floating-point division (cents / 100), defaults to USD currency formatting, and leaks unmasked customer account identifiers in logs.",20,2,"AI calculates financial amounts using IEEE-754 floating-point division (cents / 100), defaults to USD currency formatting, and leaks unmasked customer account identifiers in logs.","Audits the AI diff carefully, catches the planted vulnerability or precision defect, and demands a refactor. Verifies that the refactored implementation satisfies all safety and precision invariants.","Fails to catch the deliberate AI bug, allowing corrupted state, security leaks, or precision drift into the codebase."
challenge-imported-xero-34-req-4,challenge-imported-xero-34,Xero: Associate Engineer — Backend & Accounting Systems,Xero,Associate Engineer — Backend & Accounting Systems,CRITICAL_JUDGMENT,"Catches duplicate event processing vulnerabilities, lack of retry backoff jitter, and swallowed network exceptions. Planted defect: AI implements non-idempotent event consumption resulting in duplicate record processing on retries, uses unjittered exponential backoff causing retry storms, and swallows network timeouts.",20,2,"AI implements non-idempotent event consumption resulting in duplicate record processing on retries, uses unjittered exponential backoff causing retry storms, and swallows network timeouts.","Audits the AI diff carefully, catches the planted vulnerability or precision defect, and demands a refactor. Verifies that the refactored implementation satisfies all safety and precision invariants.","Fails to catch the deliberate AI bug, allowing corrupted state, security leaks, or precision drift into the codebase."
challenge-imported-myob-35-req-4,challenge-imported-myob-35,MYOB: Senior Developer — Full-Stack (MYOB Business),MYOB,Senior Developer — Full-Stack (MYOB Business),CRITICAL_JUDGMENT,"Catches duplicate event processing vulnerabilities, lack of retry backoff jitter, and swallowed network exceptions. Planted defect: AI implements non-idempotent event consumption resulting in duplicate record processing on retries, uses unjittered exponential backoff causing retry storms, and swallows network timeouts.",20,3,"AI implements non-idempotent event consumption resulting in duplicate record processing on retries, uses unjittered exponential backoff causing retry storms, and swallows network timeouts.","Audits the AI diff carefully, catches the planted vulnerability or precision defect, and demands a refactor. Verifies that the refactored implementation satisfies all safety and precision invariants.","Fails to catch the deliberate AI bug, allowing corrupted state, security leaks, or precision drift into the codebase."
challenge-imported-myob-36-req-4,challenge-imported-myob-36,MYOB: Machine Learning Engineer — Financial Forecasting & AI Accounting,MYOB,Machine Learning Engineer — Financial Forecasting & AI Accounting,CRITICAL_JUDGMENT,"Catches duplicate event processing vulnerabilities, lack of retry backoff jitter, and swallowed network exceptions. Planted defect: AI implements non-idempotent event consumption resulting in duplicate record processing on retries, uses unjittered exponential backoff causing retry storms, and swallows network timeouts.",20,2,"AI implements non-idempotent event consumption resulting in duplicate record processing on retries, uses unjittered exponential backoff causing retry storms, and swallows network timeouts.","Audits the AI diff carefully, catches the planted vulnerability or precision defect, and demands a refactor. Verifies that the refactored implementation satisfies all safety and precision invariants.","Fails to catch the deliberate AI bug, allowing corrupted state, security leaks, or precision drift into the codebase."
challenge-imported-zip-co-37-req-4,challenge-imported-zip-co-37,"Zip Co: Director, Engineering — Merchant & Payments",Zip Co,"Director, Engineering — Merchant & Payments",CRITICAL_JUDGMENT,"Detects and refactors floating-point division drift, foreign currency defaults, and plain text identity leaks in audit output. Planted defect: AI calculates financial amounts using IEEE-754 floating-point division (cents / 100), defaults to USD currency formatting, and leaks unmasked customer account identifiers in logs.",20,3,"AI calculates financial amounts using IEEE-754 floating-point division (cents / 100), defaults to USD currency formatting, and leaks unmasked customer account identifiers in logs.","Audits the AI diff carefully, catches the planted vulnerability or precision defect, and demands a refactor. Verifies that the refactored implementation satisfies all safety and precision invariants.","Fails to catch the deliberate AI bug, allowing corrupted state, security leaks, or precision drift into the codebase."
challenge-imported-stake-38-req-4,challenge-imported-stake-38,Stake: Software Engineer — Core Investing Platform,Stake,Software Engineer — Core Investing Platform,CRITICAL_JUDGMENT,"Detects and refactors floating-point division drift, foreign currency defaults, and plain text identity leaks in audit output. Planted defect: AI calculates financial amounts using IEEE-754 floating-point division (cents / 100), defaults to USD currency formatting, and leaks unmasked customer account identifiers in logs.",20,2,"AI calculates financial amounts using IEEE-754 floating-point division (cents / 100), defaults to USD currency formatting, and leaks unmasked customer account identifiers in logs.","Audits the AI diff carefully, catches the planted vulnerability or precision defect, and demands a refactor. Verifies that the refactored implementation satisfies all safety and precision invariants.","Fails to catch the deliberate AI bug, allowing corrupted state, security leaks, or precision drift into the codebase."
challenge-imported-amazon-web-services-aws-39-req-4,challenge-imported-amazon-web-services-aws-39,Amazon Web Services (AWS): Software Development Engineer — Internet Edge Service (IES),Amazon Web Services (AWS),Software Development Engineer — Internet Edge Service (IES),CRITICAL_JUDGMENT,"Catches blurry canvas rendering on high-DPI screens, uncleaned event listeners, and NaN coordinate drift. Planted defect: AI omits window.devicePixelRatio scaling causing blurry canvas rendering, attaches uncleaned window resize event listeners causing memory leaks, and permits negative dimensions resulting in NaN bounding boxes.",20,2,"AI omits window.devicePixelRatio scaling causing blurry canvas rendering, attaches uncleaned window resize event listeners causing memory leaks, and permits negative dimensions resulting in NaN bounding boxes.","Audits the AI diff carefully, catches the planted vulnerability or precision defect, and demands a refactor. Verifies that the refactored implementation satisfies all safety and precision invariants.","Fails to catch the deliberate AI bug, allowing corrupted state, security leaks, or precision drift into the codebase."
challenge-imported-anduril-industries-40-req-4,challenge-imported-anduril-industries-40,Anduril Industries: Software Engineer — Autonomous Systems & Safety-Critical Platform,Anduril Industries,Software Engineer — Autonomous Systems & Safety-Critical Platform,CRITICAL_JUDGMENT,"Catches duplicate event processing vulnerabilities, lack of retry backoff jitter, and swallowed network exceptions. Planted defect: AI implements non-idempotent event consumption resulting in duplicate record processing on retries, uses unjittered exponential backoff causing retry storms, and swallows network timeouts.",20,2,"AI implements non-idempotent event consumption resulting in duplicate record processing on retries, uses unjittered exponential backoff causing retry storms, and swallows network timeouts.","Audits the AI diff carefully, catches the planted vulnerability or precision defect, and demands a refactor. Verifies that the refactored implementation satisfies all safety and precision invariants.","Fails to catch the deliberate AI bug, allowing corrupted state, security leaks, or precision drift into the codebase."
challenge-imported-investment-wealth-cloud-operations-41-req-4,challenge-imported-investment-wealth-cloud-operations-41,Investment & Wealth Cloud Operations: Senior Azure Cloud & DevOps Engineer,Investment & Wealth Cloud Operations,Senior Azure Cloud & DevOps Engineer,CRITICAL_JUDGMENT,"Catches unbounded metric label growth, dangling database connections, and silent background process failures. Planted defect: AI hardcodes unbounded metric label cardinality causing memory leaks, ignores connection pool exhaustion under load, and logs credentials in telemetry.",20,3,"AI hardcodes unbounded metric label cardinality causing memory leaks, ignores connection pool exhaustion under load, and logs credentials in telemetry.","Audits the AI diff carefully, catches the planted vulnerability or precision defect, and demands a refactor. Verifies that the refactored implementation satisfies all safety and precision invariants.","Fails to catch the deliberate AI bug, allowing corrupted state, security leaks, or precision drift into the codebase."
challenge-imported-colonial-first-state-cfs-42-req-4,challenge-imported-colonial-first-state-cfs-42,Colonial First State (CFS): DevOps & Reliability Engineer (FirstChoice Platform),Colonial First State (CFS),DevOps & Reliability Engineer (FirstChoice Platform),CRITICAL_JUDGMENT,"Catches unbounded metric label growth, dangling database connections, and silent background process failures. Planted defect: AI hardcodes unbounded metric label cardinality causing memory leaks, ignores connection pool exhaustion under load, and logs credentials in telemetry.",20,2,"AI hardcodes unbounded metric label cardinality causing memory leaks, ignores connection pool exhaustion under load, and logs credentials in telemetry.","Audits the AI diff carefully, catches the planted vulnerability or precision defect, and demands a refactor. Verifies that the refactored implementation satisfies all safety and precision invariants.","Fails to catch the deliberate AI bug, allowing corrupted state, security leaks, or precision drift into the codebase."
challenge-imported-macquarie-group-43-req-4,challenge-imported-macquarie-group-43,Macquarie Group: Cloud Platform Engineer — Distributed Kubernetes & Go,Macquarie Group,Cloud Platform Engineer — Distributed Kubernetes & Go,CRITICAL_JUDGMENT,"Detects and refactors floating-point division drift, foreign currency defaults, and plain text identity leaks in audit output. Planted defect: AI calculates financial amounts using IEEE-754 floating-point division (cents / 100), defaults to USD currency formatting, and leaks unmasked customer account identifiers in logs.",20,2,"AI calculates financial amounts using IEEE-754 floating-point division (cents / 100), defaults to USD currency formatting, and leaks unmasked customer account identifiers in logs.","Audits the AI diff carefully, catches the planted vulnerability or precision defect, and demands a refactor. Verifies that the refactored implementation satisfies all safety and precision invariants.","Fails to catch the deliberate AI bug, allowing corrupted state, security leaks, or precision drift into the codebase."
challenge-imported-amazon-web-services-aws-44-req-4,challenge-imported-amazon-web-services-aws-44,Amazon Web Services (AWS): Systems Development Engineer — Sovereign Cloud & Route 53 DNS,Amazon Web Services (AWS),Systems Development Engineer — Sovereign Cloud & Route 53 DNS,CRITICAL_JUDGMENT,"Catches blurry canvas rendering on high-DPI screens, uncleaned event listeners, and NaN coordinate drift. Planted defect: AI omits window.devicePixelRatio scaling causing blurry canvas rendering, attaches uncleaned window resize event listeners causing memory leaks, and permits negative dimensions resulting in NaN bounding boxes.",20,2,"AI omits window.devicePixelRatio scaling causing blurry canvas rendering, attaches uncleaned window resize event listeners causing memory leaks, and permits negative dimensions resulting in NaN bounding boxes.","Audits the AI diff carefully, catches the planted vulnerability or precision defect, and demands a refactor. Verifies that the refactored implementation satisfies all safety and precision invariants.","Fails to catch the deliberate AI bug, allowing corrupted state, security leaks, or precision drift into the codebase."
challenge-imported-ericsson-australia-45-req-4,challenge-imported-ericsson-australia-45,Ericsson Australia: Senior Cloud Infrastructure & Systems Integrator,Ericsson Australia,Senior Cloud Infrastructure & Systems Integrator,CRITICAL_JUDGMENT,"Catches unbounded metric label growth, dangling database connections, and silent background process failures. Planted defect: AI hardcodes unbounded metric label cardinality causing memory leaks, ignores connection pool exhaustion under load, and logs credentials in telemetry.",20,3,"AI hardcodes unbounded metric label cardinality causing memory leaks, ignores connection pool exhaustion under load, and logs credentials in telemetry.","Audits the AI diff carefully, catches the planted vulnerability or precision defect, and demands a refactor. Verifies that the refactored implementation satisfies all safety and precision invariants.","Fails to catch the deliberate AI bug, allowing corrupted state, security leaks, or precision drift into the codebase."
challenge-imported-datadog-46-req-4,challenge-imported-datadog-46,Datadog: Senior Software Engineer — Cloud Networks,Datadog,Senior Software Engineer — Cloud Networks,CRITICAL_JUDGMENT,"Catches unbounded metric label growth, dangling database connections, and silent background process failures. Planted defect: AI hardcodes unbounded metric label cardinality causing memory leaks, ignores connection pool exhaustion under load, and logs credentials in telemetry.",20,3,"AI hardcodes unbounded metric label cardinality causing memory leaks, ignores connection pool exhaustion under load, and logs credentials in telemetry.","Audits the AI diff carefully, catches the planted vulnerability or precision defect, and demands a refactor. Verifies that the refactored implementation satisfies all safety and precision invariants.","Fails to catch the deliberate AI bug, allowing corrupted state, security leaks, or precision drift into the codebase."
challenge-imported-cloudflare-47-req-4,challenge-imported-cloudflare-47,Cloudflare: Systems Software Engineer — Cloudflare Network Interconnect (CNI),Cloudflare,Systems Software Engineer — Cloudflare Network Interconnect (CNI),CRITICAL_JUDGMENT,"Catches unbounded metric label growth, dangling database connections, and silent background process failures. Planted defect: AI hardcodes unbounded metric label cardinality causing memory leaks, ignores connection pool exhaustion under load, and logs credentials in telemetry.",20,2,"AI hardcodes unbounded metric label cardinality causing memory leaks, ignores connection pool exhaustion under load, and logs credentials in telemetry.","Audits the AI diff carefully, catches the planted vulnerability or precision defect, and demands a refactor. Verifies that the refactored implementation satisfies all safety and precision invariants.","Fails to catch the deliberate AI bug, allowing corrupted state, security leaks, or precision drift into the codebase."
challenge-imported-fastly-48-req-4,challenge-imported-fastly-48,Fastly: Senior Cloud & Edge Solutions Engineer,Fastly,Senior Cloud & Edge Solutions Engineer,CRITICAL_JUDGMENT,"Catches unbounded metric label growth, dangling database connections, and silent background process failures. Planted defect: AI hardcodes unbounded metric label cardinality causing memory leaks, ignores connection pool exhaustion under load, and logs credentials in telemetry.",20,3,"AI hardcodes unbounded metric label cardinality causing memory leaks, ignores connection pool exhaustion under load, and logs credentials in telemetry.","Audits the AI diff carefully, catches the planted vulnerability or precision defect, and demands a refactor. Verifies that the refactored implementation satisfies all safety and precision invariants.","Fails to catch the deliberate AI bug, allowing corrupted state, security leaks, or precision drift into the codebase."
challenge-imported-amazon-web-services-aws-49-req-4,challenge-imported-amazon-web-services-aws-49,Amazon Web Services (AWS): Dedicated Cloud Engineer — Region Reliability Engineering (RRE),Amazon Web Services (AWS),Dedicated Cloud Engineer — Region Reliability Engineering (RRE),CRITICAL_JUDGMENT,"Catches blurry canvas rendering on high-DPI screens, uncleaned event listeners, and NaN coordinate drift. Planted defect: AI omits window.devicePixelRatio scaling causing blurry canvas rendering, attaches uncleaned window resize event listeners causing memory leaks, and permits negative dimensions resulting in NaN bounding boxes.",20,2,"AI omits window.devicePixelRatio scaling causing blurry canvas rendering, attaches uncleaned window resize event listeners causing memory leaks, and permits negative dimensions resulting in NaN bounding boxes.","Audits the AI diff carefully, catches the planted vulnerability or precision defect, and demands a refactor. Verifies that the refactored implementation satisfies all safety and precision invariants.","Fails to catch the deliberate AI bug, allowing corrupted state, security leaks, or precision drift into the codebase."
challenge-imported-nine-entertainment-technology-50-req-4,challenge-imported-nine-entertainment-technology-50,Nine Entertainment Technology: Senior Platform Engineer — Cloud Operations & Multi-Cloud Governance,Nine Entertainment Technology,Senior Platform Engineer — Cloud Operations & Multi-Cloud Governance,CRITICAL_JUDGMENT,"Catches fail-open exception fallbacks, path traversal vulnerabilities, and unauthenticated administrative operations. Planted defect: AI defaults to allow-all permissions on unknown input, uses naive path.startsWith() vulnerable to directory traversal (../../etc/passwd), and logs sensitive credentials in plain text.",20,3,"AI defaults to allow-all permissions on unknown input, uses naive path.startsWith() vulnerable to directory traversal (../../etc/passwd), and logs sensitive credentials in plain text.","Audits the AI diff carefully, catches the planted vulnerability or precision defect, and demands a refactor. Verifies that the refactored implementation satisfies all safety and precision invariants.","Fails to catch the deliberate AI bug, allowing corrupted state, security leaks, or precision drift into the codebase."
challenge-supabase-realtime-cdc-req-4,challenge-supabase-realtime-cdc,Supabase: Postgres Realtime Change Data Capture & WebSocket Streamer,Supabase,Senior Distributed Systems Engineer — Realtime CDC,CRITICAL_JUDGMENT,"Catches duplicate event processing vulnerabilities, lack of retry backoff jitter, and swallowed network exceptions. Injected canary trap: AI implements WebSocket heartbeat timeout without unregistering Postgres CDC listener, causing database connection exhaustion and zombie worker threads.",20,3,"AI implements WebSocket heartbeat timeout without unregistering Postgres CDC listener, causing database connection exhaustion and zombie worker threads.","Audits the AI diff carefully, detects the domain vulnerability, and forces an immediate refactor. Verifies that the refactored code passes all negative test cases.","Fails to catch the deliberate bug, allowing critical errors to enter production."
challenge-grafana-promql-streamer-req-4,challenge-grafana-promql-streamer,Grafana Labs: High-Throughput PromQL Range Query Stream Aggregator,Grafana Labs,Senior Observability Engineer — Metric Streaming,CRITICAL_JUDGMENT,"Catches unbounded metric label growth, dangling database connections, and silent background process failures. Injected canary trap: AI calculates PromQL range step dynamically using unvalidated user input, leading to division by zero or NaN step intervals that hang aggregation workers.",20,3,"AI calculates PromQL range step dynamically using unvalidated user input, leading to division by zero or NaN step intervals that hang aggregation workers.","Audits the AI diff carefully, detects the domain vulnerability, and forces an immediate refactor. Verifies that the refactored code passes all negative test cases.","Fails to catch the deliberate bug, allowing critical errors to enter production."
challenge-hashicorp-vault-lease-req-4,challenge-hashicorp-vault-lease,HashiCorp: Dynamic Secrets Lease Manager & Revocation Pipeline,HashiCorp,Senior Security Software Engineer — Vault Core,CRITICAL_JUDGMENT,"Catches fail-open exception fallbacks, path traversal vulnerabilities, and unauthenticated administrative operations. Injected canary trap: AI introduces a Time-of-Check to Time-of-Use (TOCTOU) race condition during concurrent lease renewal and revocation, allowing revoked tokens to read secrets.",20,3,"AI introduces a Time-of-Check to Time-of-Use (TOCTOU) race condition during concurrent lease renewal and revocation, allowing revoked tokens to read secrets.","Audits the AI diff carefully, detects the domain vulnerability, and forces an immediate refactor. Verifies that the refactored code passes all negative test cases.","Fails to catch the deliberate bug, allowing critical errors to enter production."
challenge-tyro-pos-terminal-req-4,challenge-tyro-pos-terminal,Tyro Payments: Merchant EFTPOS Terminal Protocol & Settlement Switch,Tyro Payments,Senior Embedded / Backend Engineer — POS Gateways,CRITICAL_JUDGMENT,"Detects and refactors floating-point division drift, foreign currency defaults, and plain text identity leaks in audit output. Injected canary trap: AI omits ISO 8583 transaction sequence counter validation, allowing replayed offline settlement packets to double-credit merchant accounts.",20,3,"AI omits ISO 8583 transaction sequence counter validation, allowing replayed offline settlement packets to double-credit merchant accounts.","Audits the AI diff carefully, detects the domain vulnerability, and forces an immediate refactor. Verifies that the refactored code passes all negative test cases.","Fails to catch the deliberate bug, allowing critical errors to enter production."
challenge-afterpay-fraud-velocity-req-4,challenge-afterpay-fraud-velocity,Afterpay / Block: Real-Time BNPL Fraud Velocity & Installment Risk Engine,Afterpay / Block,Senior Fraud & Risk Analytics Engineer,CRITICAL_JUDGMENT,"Detects and refactors floating-point division drift, foreign currency defaults, and plain text identity leaks in audit output. Injected canary trap: AI divides total purchase amounts into 4 installments with raw float division, causing 1-cent rounding discrepancies that violate the zero-sum ledger invariant.",20,3,"AI divides total purchase amounts into 4 installments with raw float division, causing 1-cent rounding discrepancies that violate the zero-sum ledger invariant.","Audits the AI diff carefully, detects the domain vulnerability, and forces an immediate refactor. Verifies that the refactored code passes all negative test cases.","Fails to catch the deliberate bug, allowing critical errors to enter production."
challenge-cochlear-audio-dsp-req-4,challenge-cochlear-audio-dsp,Cochlear: Low-Latency Polyphonic Filter Bank & Acoustic Processor,Cochlear,Senior Audio Systems Engineer — Bionic Ear DSP,CRITICAL_JUDGMENT,"Catches variable frame dt drift, O(N^2) pairwise proximity checks, and in-loop coordinate mutations. Injected canary trap: AI implements digital biquad filter without clamping intermediate float registers, leading to integer overflow audio clipping and severe screech artifacts.",20,3,"AI implements digital biquad filter without clamping intermediate float registers, leading to integer overflow audio clipping and severe screech artifacts.","Audits the AI diff carefully, detects the domain vulnerability, and forces an immediate refactor. Verifies that the refactored code passes all negative test cases.","Fails to catch the deliberate bug, allowing critical errors to enter production."
challenge-resmed-apnea-telemetry-req-4,challenge-resmed-apnea-telemetry,ResMed: CPAP Device Telemetry Ingestion & Compliance Analyzer,ResMed,Senior Cloud Telemetry Engineer — Connected Care,CRITICAL_JUDGMENT,"Catches unbounded metric label growth, dangling database connections, and silent background process failures. Injected canary trap: AI parses device timestamps using local machine timezone instead of patient UTC device offset, causing daytime apnea events to shift across day boundaries.",20,3,"AI parses device timestamps using local machine timezone instead of patient UTC device offset, causing daytime apnea events to shift across day boundaries.","Audits the AI diff carefully, detects the domain vulnerability, and forces an immediate refactor. Verifies that the refactored code passes all negative test cases.","Fails to catch the deliberate bug, allowing critical errors to enter production."
challenge-jump-trading-orderbook-req-4,challenge-jump-trading-orderbook,Jump Trading: Nanosecond L2 Limit Order Book Matching Engine,Jump Trading,Ultra-Low Latency Systems Engineer — Market Data,CRITICAL_JUDGMENT,"Catches duplicate event processing vulnerabilities, lack of retry backoff jitter, and swallowed network exceptions. Injected canary trap: AI implements order matching tie-breakers using non-deterministic array sorting instead of strict FIFO insertion order, violating price-time priority.",20,3,"AI implements order matching tie-breakers using non-deterministic array sorting instead of strict FIFO insertion order, violating price-time priority.","Audits the AI diff carefully, detects the domain vulnerability, and forces an immediate refactor. Verifies that the refactored code passes all negative test cases.","Fails to catch the deliberate bug, allowing critical errors to enter production."
challenge-optiver-volatility-spline-req-4,challenge-optiver-volatility-spline,Optiver: Real-Time Volatility Surface Cubic Spline Interpolator,Optiver,Quantitative Systems Engineer — Options Pricing,CRITICAL_JUDGMENT,"Detects and refactors floating-point division drift, foreign currency defaults, and plain text identity leaks in audit output. Injected canary trap: AI evaluates Black-Scholes implied volatility without validating strike > 0 and timeToExpiry > 0, producing NaN values that crash the quoting engine.",20,3,"AI evaluates Black-Scholes implied volatility without validating strike > 0 and timeToExpiry > 0, producing NaN values that crash the quoting engine.","Audits the AI diff carefully, detects the domain vulnerability, and forces an immediate refactor. Verifies that the refactored code passes all negative test cases.","Fails to catch the deliberate bug, allowing critical errors to enter production."
challenge-imc-trading-etf-arb-req-4,challenge-imc-trading-etf-arb,IMC Trading: Statistical Arbitrage Execution Gateway & Tick Synchronizer,IMC Trading,High-Frequency Trading Engineer — Execution Systems,CRITICAL_JUDGMENT,"Catches duplicate event processing vulnerabilities, lack of retry backoff jitter, and swallowed network exceptions. Injected canary trap: AI compares market timestamps without checking clock monotonicity, causing negative latency measurements and out-of-order tick drops during NTP adjustments.",20,3,"AI compares market timestamps without checking clock monotonicity, causing negative latency measurements and out-of-order tick drops during NTP adjustments.","Audits the AI diff carefully, detects the domain vulnerability, and forces an immediate refactor. Verifies that the refactored code passes all negative test cases.","Fails to catch the deliberate bug, allowing critical errors to enter production."
challenge-citadel-fix-gateway-req-4,challenge-citadel-fix-gateway,Citadel Securities: High-Throughput FIX Protocol Drop-Copy Streamer,Citadel Securities,Senior Platform Engineer — Core Trading Gateways,CRITICAL_JUDGMENT,"Catches duplicate event processing vulnerabilities, lack of retry backoff jitter, and swallowed network exceptions. Injected canary trap: AI maintains incoming FIX sequence numbers in an unbounded memory map without periodic checkpointing, causing OOM crashes after 1M trades.",20,3,"AI maintains incoming FIX sequence numbers in an unbounded memory map without periodic checkpointing, causing OOM crashes after 1M trades.","Audits the AI diff carefully, detects the domain vulnerability, and forces an immediate refactor. Verifies that the refactored code passes all negative test cases.","Fails to catch the deliberate bug, allowing critical errors to enter production."
challenge-honeycomb-tracer-req-4,challenge-honeycomb-tracer,Honeycomb.io: High-Cardinality Distributed Trace Collector & Sampler,Honeycomb.io,Senior Observability Platform Engineer,CRITICAL_JUDGMENT,"Catches unbounded metric label growth, dangling database connections, and silent background process failures. Injected canary trap: AI stores raw candidate user IDs as top-level indexing tags in OpenTelemetry spans, creating unbounded index cardinality that exhausts telemetry storage.",20,3,"AI stores raw candidate user IDs as top-level indexing tags in OpenTelemetry spans, creating unbounded index cardinality that exhausts telemetry storage.","Audits the AI diff carefully, detects the domain vulnerability, and forces an immediate refactor. Verifies that the refactored code passes all negative test cases.","Fails to catch the deliberate bug, allowing critical errors to enter production."
challenge-vercel-isr-cache-req-4,challenge-vercel-isr-cache,Vercel: Incremental Static Regeneration (ISR) Cache Revalidator,Vercel,Staff Edge Runtime Engineer — Next.js Infrastructure,CRITICAL_JUDGMENT,"Catches duplicate event processing vulnerabilities, lack of retry backoff jitter, and swallowed network exceptions. Injected canary trap: AI implements stale-while-revalidate without mutex locking or deduplication, triggering a thundering herd cache stampede against origin servers.",20,3,"AI implements stale-while-revalidate without mutex locking or deduplication, triggering a thundering herd cache stampede against origin servers.","Audits the AI diff carefully, detects the domain vulnerability, and forces an immediate refactor. Verifies that the refactored code passes all negative test cases.","Fails to catch the deliberate bug, allowing critical errors to enter production."
challenge-retool-sandboxed-bridge-req-4,challenge-retool-sandboxed-bridge,Retool: Sandboxed Iframe PostMessage Security Bridge,Retool,Senior Frontend Security Engineer — Custom Components,CRITICAL_JUDGMENT,"Catches fail-open exception fallbacks, path traversal vulnerabilities, and unauthenticated administrative operations. Injected canary trap: AI sends postMessage payloads with targetOrigin '*' instead of verifying the exact parent domain, exposing private tenant query data to embedded listeners.",20,3,"AI sends postMessage payloads with targetOrigin '*' instead of verifying the exact parent domain, exposing private tenant query data to embedded listeners.","Audits the AI diff carefully, detects the domain vulnerability, and forces an immediate refactor. Verifies that the refactored code passes all negative test cases.","Fails to catch the deliberate bug, allowing critical errors to enter production."
challenge-github-webhook-queue-req-4,challenge-github-webhook-queue,GitHub: Reliable Webhook Delivery & Fanout Queue,GitHub,Senior Platform Engineer — Ecosystem Infrastructure,CRITICAL_JUDGMENT,"Catches duplicate event processing vulnerabilities, lack of retry backoff jitter, and swallowed network exceptions. Injected canary trap: AI implements retry queues with fixed delays rather than exponential backoff with full jitter, causing synchronized retry storms against rate-limited endpoints.",20,3,"AI implements retry queues with fixed delays rather than exponential backoff with full jitter, causing synchronized retry storms against rate-limited endpoints.","Audits the AI diff carefully, detects the domain vulnerability, and forces an immediate refactor. Verifies that the refactored code passes all negative test cases.","Fails to catch the deliberate bug, allowing critical errors to enter production."
challenge-gitlab-ci-runner-req-4,challenge-gitlab-ci-runner,GitLab: Ephemeral Containerized Job Execution Orchestrator,GitLab,Senior CI/CD Infrastructure Engineer,CRITICAL_JUDGMENT,"Catches unbounded metric label growth, dangling database connections, and silent background process failures. Injected canary trap: AI leaves dangling temporary volumes and bind-mount permissions when build jobs fail abruptly, causing host disk exhaustion and credential leakage.",20,3,"AI leaves dangling temporary volumes and bind-mount permissions when build jobs fail abruptly, causing host disk exhaustion and credential leakage.","Audits the AI diff carefully, detects the domain vulnerability, and forces an immediate refactor. Verifies that the refactored code passes all negative test cases.","Fails to catch the deliberate bug, allowing critical errors to enter production."
challenge-docker-cgroup-watcher-req-4,challenge-docker-cgroup-watcher,Docker: Container Cgroup Memory & OOM Event Watcher,Docker,Senior Systems Engineer — Runtime Platform,CRITICAL_JUDGMENT,"Catches unbounded metric label growth, dangling database connections, and silent background process failures. Injected canary trap: AI parses cgroup v1 paths without fallback to cgroup v2 unified hierarchy, completely failing to detect OOM kill events on modern Linux kernels.",20,3,"AI parses cgroup v1 paths without fallback to cgroup v2 unified hierarchy, completely failing to detect OOM kill events on modern Linux kernels.","Audits the AI diff carefully, detects the domain vulnerability, and forces an immediate refactor. Verifies that the refactored code passes all negative test cases.","Fails to catch the deliberate bug, allowing critical errors to enter production."
challenge-elastic-index-sharder-req-4,challenge-elastic-index-sharder,Elastic: Distributed Inverted Index Sharding & Query Router,Elastic,Senior Search Systems Engineer — Core Lucene,CRITICAL_JUDGMENT,"Catches duplicate event processing vulnerabilities, lack of retry backoff jitter, and swallowed network exceptions. Injected canary trap: AI calculates document segment ID offsets with signed 32-bit integers, causing negative document IDs and index corruption beyond 2 billion documents.",20,3,"AI calculates document segment ID offsets with signed 32-bit integers, causing negative document IDs and index corruption beyond 2 billion documents.","Audits the AI diff carefully, detects the domain vulnerability, and forces an immediate refactor. Verifies that the refactored code passes all negative test cases.","Fails to catch the deliberate bug, allowing critical errors to enter production."
challenge-snowflake-parquet-reader-req-4,challenge-snowflake-parquet-reader,Snowflake: High-Throughput Columnar Parquet File Decoder,Snowflake,Senior Data Engine Developer — Columnar Formats,CRITICAL_JUDGMENT,"Catches duplicate event processing vulnerabilities, lack of retry backoff jitter, and swallowed network exceptions. Injected canary trap: AI slices multi-byte UTF-8 string dictionary pages by raw byte offset instead of character boundaries, corrupting international multibyte text.",20,3,"AI slices multi-byte UTF-8 string dictionary pages by raw byte offset instead of character boundaries, corrupting international multibyte text.","Audits the AI diff carefully, detects the domain vulnerability, and forces an immediate refactor. Verifies that the refactored code passes all negative test cases.","Fails to catch the deliberate bug, allowing critical errors to enter production."
challenge-twilio-webrtc-jitter-req-4,challenge-twilio-webrtc-jitter,Twilio: WebRTC Adaptive Audio Jitter Buffer & Packet Reorderer,Twilio,Senior Real-Time Media Engineer — Voice Platform,CRITICAL_JUDGMENT,"Catches variable frame dt drift, O(N^2) pairwise proximity checks, and in-loop coordinate mutations. Injected canary trap: AI handles 16-bit RTP sequence numbers without modulo 65536 rollover logic, causing the jitter buffer to permanently drop audio after sequence 65535.",20,3,"AI handles 16-bit RTP sequence numbers without modulo 65536 rollover logic, causing the jitter buffer to permanently drop audio after sequence 65535.","Audits the AI diff carefully, detects the domain vulnerability, and forces an immediate refactor. Verifies that the refactored code passes all negative test cases.","Fails to catch the deliberate bug, allowing critical errors to enter production."
challenge-openai-token-bucket-req-4,challenge-openai-token-bucket,OpenAI / Scale AI: Distributed Token Bucket Rate Limiter & Concurrency Gate,OpenAI / Scale AI,Senior API Infrastructure Engineer,CRITICAL_JUDGMENT,"Catches duplicate event processing vulnerabilities, lack of retry backoff jitter, and swallowed network exceptions. Injected canary trap: AI updates token buckets with non-atomic read-then-write operations across Redis clusters, allowing massive burst requests to bypass rate caps.",20,3,"AI updates token buckets with non-atomic read-then-write operations across Redis clusters, allowing massive burst requests to bypass rate caps.","Audits the AI diff carefully, detects the domain vulnerability, and forces an immediate refactor. Verifies that the refactored code passes all negative test cases.","Fails to catch the deliberate bug, allowing critical errors to enter production."
challenge-anthropic-prompt-cache-req-4,challenge-anthropic-prompt-cache,Anthropic: KV-Cache Replay & Prompt Deduplication Proxy,Anthropic,Senior Inference Systems Engineer — Context Caching,CRITICAL_JUDGMENT,"Catches duplicate event processing vulnerabilities, lack of retry backoff jitter, and swallowed network exceptions. Injected canary trap: AI hashes prompt prefixes without Unicode NFKC normalization, resulting in 0% cache hit rates across identical prompts with varied character encodings.",20,3,"AI hashes prompt prefixes without Unicode NFKC normalization, resulting in 0% cache hit rates across identical prompts with varied character encodings.","Audits the AI diff carefully, detects the domain vulnerability, and forces an immediate refactor. Verifies that the refactored code passes all negative test cases.","Fails to catch the deliberate bug, allowing critical errors to enter production."
challenge-stan-hls-transmuxer-req-4,challenge-stan-hls-transmuxer,Stan (Nine Entertainment): 4K HLS Segment Transmuxer & Audio-Video Synchronizer,Stan (Nine Entertainment),Senior Video Streaming Engineer,CRITICAL_JUDGMENT,"Catches variable frame dt drift, O(N^2) pairwise proximity checks, and in-loop coordinate mutations. Injected canary trap: AI transmuxes audio and video streams without calculating Presentation Time Stamp (PTS) rollover, causing severe 2-second audio desync on mobile clients.",20,3,"AI transmuxes audio and video streams without calculating Presentation Time Stamp (PTS) rollover, causing severe 2-second audio desync on mobile clients.","Audits the AI diff carefully, detects the domain vulnerability, and forces an immediate refactor. Verifies that the refactored code passes all negative test cases.","Fails to catch the deliberate bug, allowing critical errors to enter production."
challenge-woolworths-route-solver-req-4,challenge-woolworths-route-solver,Woolworths Digital: Cold-Chain Grocery Delivery Vehicle Routing Solver,Woolworths Digital,Senior Logistics & Route Optimization Engineer,CRITICAL_JUDGMENT,"Catches duplicate event processing vulnerabilities, lack of retry backoff jitter, and swallowed network exceptions. Injected canary trap: AI calculates delivery transit duration across Sydney Daylight Saving Time changes without timezone offsets, leading to negative delivery windows.",20,3,"AI calculates delivery transit duration across Sydney Daylight Saving Time changes without timezone offsets, leading to negative delivery windows.","Audits the AI diff carefully, detects the domain vulnerability, and forces an immediate refactor. Verifies that the refactored code passes all negative test cases.","Fails to catch the deliberate bug, allowing critical errors to enter production."
challenge-coles-iot-coldchain-req-4,challenge-coles-iot-coldchain,Coles Technology: Cold-Chain Refrigerator Sensor Ingestion & Alert Engine,Coles Technology,Senior IoT Telemetry Engineer — Supply Chain,CRITICAL_JUDGMENT,"Catches unbounded metric label growth, dangling database connections, and silent background process failures. Injected canary trap: AI drops temperature sensor packets silently when values are below 0°C due to unsigned integer decoding, hiding critical freezer failures.",20,2,"AI drops temperature sensor packets silently when values are below 0°C due to unsigned integer decoding, hiding critical freezer failures.","Audits the AI diff carefully, detects the domain vulnerability, and forces an immediate refactor. Verifies that the refactored code passes all negative test cases.","Fails to catch the deliberate bug, allowing critical errors to enter production."
challenge-telstra-mqtt-broker-req-4,challenge-telstra-mqtt-broker,Telstra Purple: High-Concurrency MQTT Fleet Telemetry Broker,Telstra Purple,Senior IoT Systems Architect,CRITICAL_JUDGMENT,"Catches duplicate event processing vulnerabilities, lack of retry backoff jitter, and swallowed network exceptions. Injected canary trap: AI buffers unacknowledged QoS 1 messages in unbounded in-memory queues during cell tower outages, causing broker heap exhaustion under reconnection bursts.",20,3,"AI buffers unacknowledged QoS 1 messages in unbounded in-memory queues during cell tower outages, causing broker heap exhaustion under reconnection bursts.","Audits the AI diff carefully, detects the domain vulnerability, and forces an immediate refactor. Verifies that the refactored code passes all negative test cases.","Fails to catch the deliberate bug, allowing critical errors to enter production."
challenge-cba-payid-resolver-req-4,challenge-cba-payid-resolver,Commonwealth Bank (CBA): Real-Time PayID Resolution & ISO 20022 Message Router,Commonwealth Bank (CBA),Senior Payments Platform Engineer — NPP,CRITICAL_JUDGMENT,"Detects and refactors floating-point division drift, foreign currency defaults, and plain text identity leaks in audit output. Injected canary trap: AI verifies Australian BSB numbers with simple 6-digit length checks, accepting reserved and invalid bank clearing codes into NPP settlement batches.",20,3,"AI verifies Australian BSB numbers with simple 6-digit length checks, accepting reserved and invalid bank clearing codes into NPP settlement batches.","Audits the AI diff carefully, detects the domain vulnerability, and forces an immediate refactor. Verifies that the refactored code passes all negative test cases.","Fails to catch the deliberate bug, allowing critical errors to enter production."
challenge-nab-consent-revocation-req-4,challenge-nab-consent-revocation,National Australia Bank (NAB): CDR Consent Lifecycle & Data Access Revocation Switch,National Australia Bank (NAB),Senior Open Banking Platform Engineer,CRITICAL_JUDGMENT,"Catches fail-open exception fallbacks, path traversal vulnerabilities, and unauthenticated administrative operations. Injected canary trap: AI executes soft-deletes on revoked customer consents without propagating eviction signals to downstream OAuth gateways, allowing data leaks for 24 hours.",20,3,"AI executes soft-deletes on revoked customer consents without propagating eviction signals to downstream OAuth gateways, allowing data leaks for 24 hours.","Audits the AI diff carefully, detects the domain vulnerability, and forces an immediate refactor. Verifies that the refactored code passes all negative test cases.","Fails to catch the deliberate bug, allowing critical errors to enter production."
challenge-westpac-payment-switch-req-4,challenge-westpac-payment-switch,Westpac Group: High-Availability Card Authorization & Payment Switch,Westpac Group,Senior Core Banking Systems Engineer,CRITICAL_JUDGMENT,"Detects and refactors floating-point division drift, foreign currency defaults, and plain text identity leaks in audit output. Injected canary trap: AI performs account balance checks and debit balance mutations in separate transactions without SELECT FOR UPDATE, causing double-spending on simultaneous ATM/EFTPOS taps.",20,3,"AI performs account balance checks and debit balance mutations in separate transactions without SELECT FOR UPDATE, causing double-spending on simultaneous ATM/EFTPOS taps.","Audits the AI diff carefully, detects the domain vulnerability, and forces an immediate refactor. Verifies that the refactored code passes all negative test cases.","Fails to catch the deliberate bug, allowing critical errors to enter production."
challenge-judo-bank-sme-risk-req-4,challenge-judo-bank-sme-risk,Judo Bank: SME Commercial Loan Cash Flow & Stress Test Simulator,Judo Bank,Senior Credit Risk & Quantitative Developer,CRITICAL_JUDGMENT,"Detects and refactors floating-point division drift, foreign currency defaults, and plain text identity leaks in audit output. Injected canary trap: AI calculates Debt Service Coverage Ratio (DSCR) with direct division without checking for zero EBITDA, causing unhandled division-by-zero crashes on distressed businesses.",20,3,"AI calculates Debt Service Coverage Ratio (DSCR) with direct division without checking for zero EBITDA, causing unhandled division-by-zero crashes on distressed businesses.","Audits the AI diff carefully, detects the domain vulnerability, and forces an immediate refactor. Verifies that the refactored code passes all negative test cases.","Fails to catch the deliberate bug, allowing critical errors to enter production."
challenge-canva-magic-svg-req-4,challenge-canva-magic-svg,Canva: Generative Vector Path Optimizer & SVG Sanitizer,Canva,Senior Graphics Engineer — Magic Design,CRITICAL_JUDGMENT,"Catches blurry canvas rendering on high-DPI screens, uncleaned event listeners, and NaN coordinate drift. Injected canary trap: AI computes cubic Bezier curve derivatives without handling zero-length tangent vectors, producing NaN coordinate points that corrupt SVG path exports.",20,3,"AI computes cubic Bezier curve derivatives without handling zero-length tangent vectors, producing NaN coordinate points that corrupt SVG path exports.","Audits the AI diff carefully, detects the domain vulnerability, and forces an immediate refactor. Verifies that the refactored code passes all negative test cases.","Fails to catch the deliberate bug, allowing critical errors to enter production."
challenge-cultureamp-diff-privacy-req-4,challenge-cultureamp-diff-privacy,Culture Amp: Differential Privacy Noise Generator for Employee Surveys,Culture Amp,Senior Applied AI & Privacy Engineer,CRITICAL_JUDGMENT,"Catches fail-open exception fallbacks, path traversal vulnerabilities, and unauthenticated administrative operations. Injected canary trap: AI applies Laplace noise without enforcing a minimum cohort threshold (k < 5), allowing individual employee sentiment to be identified through mathematical subtraction.",20,3,"AI applies Laplace noise without enforcing a minimum cohort threshold (k < 5), allowing individual employee sentiment to be identified through mathematical subtraction.","Audits the AI diff carefully, detects the domain vulnerability, and forces an immediate refactor. Verifies that the refactored code passes all negative test cases.","Fails to catch the deliberate bug, allowing critical errors to enter production."
challenge-envato-watermark-stamper-req-4,challenge-envato-watermark-stamper,Envato: Dynamic Watermarking & Digital Asset Protection Engine,Envato,Senior Media Pipeline Developer,CRITICAL_JUDGMENT,"Catches blurry canvas rendering on high-DPI screens, uncleaned event listeners, and NaN coordinate drift. Injected canary trap: AI composites translucent watermark PNGs onto customer images without premultiplied alpha handling, leaving dark discolored halos around watermark text.",20,2,"AI composites translucent watermark PNGs onto customer images without premultiplied alpha handling, leaving dark discolored halos around watermark text.","Audits the AI diff carefully, detects the domain vulnerability, and forces an immediate refactor. Verifies that the refactored code passes all negative test cases.","Fails to catch the deliberate bug, allowing critical errors to enter production."
challenge-safetyculture-checklist-sync-req-4,challenge-safetyculture-checklist-sync,SafetyCulture: Offline-First Inspection Audit State Synchronizer,SafetyCulture,Senior Distributed Data Engineer — Offline Sync,CRITICAL_JUDGMENT,"Catches duplicate event processing vulnerabilities, lack of retry backoff jitter, and swallowed network exceptions. Injected canary trap: AI uses client device clock timestamps for Last-Write-Wins conflict resolution, allowing offline phones with incorrect clocks to overwrite fresh inspection data.",20,3,"AI uses client device clock timestamps for Last-Write-Wins conflict resolution, allowing offline phones with incorrect clocks to overwrite fresh inspection data.","Audits the AI diff carefully, detects the domain vulnerability, and forces an immediate refactor. Verifies that the refactored code passes all negative test cases.","Fails to catch the deliberate bug, allowing critical errors to enter production."
challenge-whispir-emergency-relay-req-4,challenge-whispir-emergency-relay,Whispir: Multi-Carrier Emergency SMS Notification Dispatcher,Whispir,Senior Telephony & Messaging Platform Engineer,CRITICAL_JUDGMENT,"Catches duplicate event processing vulnerabilities, lack of retry backoff jitter, and swallowed network exceptions. Injected canary trap: AI dispatches emergency SMS alerts without per-carrier rate limiting, triggering telecom carrier spam filters and causing message drops during bushfire evacuations.",20,3,"AI dispatches emergency SMS alerts without per-carrier rate limiting, triggering telecom carrier spam filters and causing message drops during bushfire evacuations.","Audits the AI diff carefully, detects the domain vulnerability, and forces an immediate refactor. Verifies that the refactored code passes all negative test cases.","Fails to catch the deliberate bug, allowing critical errors to enter production."
challenge-redballoon-voucher-escrow-req-4,challenge-redballoon-voucher-escrow,RedBalloon / Big Red Group: Experience Voucher Escrow & Fraud-Resistant Code Generator,RedBalloon / Big Red Group,Senior E-Commerce Integration Engineer,CRITICAL_JUDGMENT,"Detects and refactors floating-point division drift, foreign currency defaults, and plain text identity leaks in audit output. Injected canary trap: AI generates voucher validation codes using Math.random(), producing guessable sequential redemption codes that attackers can enumerate and drain.",20,2,"AI generates voucher validation codes using Math.random(), producing guessable sequential redemption codes that attackers can enumerate and drain.","Audits the AI diff carefully, detects the domain vulnerability, and forces an immediate refactor. Verifies that the refactored code passes all negative test cases.","Fails to catch the deliberate bug, allowing critical errors to enter production."
challenge-airtasker-milestone-escrow-req-4,challenge-airtasker-milestone-escrow,Airtasker: Peer-to-Peer Task Milestone Escrow Settlement Engine,Airtasker,Senior Full-Stack Engineer — Marketplace Integrity,CRITICAL_JUDGMENT,"Detects and refactors floating-point division drift, foreign currency defaults, and plain text identity leaks in audit output. Injected canary trap: AI releases task escrow funds on webhook delivery without verifying transaction state locks, allowing double-release of funds on rapid duplicate button clicks.",20,2,"AI releases task escrow funds on webhook delivery without verifying transaction state locks, allowing double-release of funds on rapid duplicate button clicks.","Audits the AI diff carefully, detects the domain vulnerability, and forces an immediate refactor. Verifies that the refactored code passes all negative test cases.","Fails to catch the deliberate bug, allowing critical errors to enter production."
challenge-atlassian-confluence-crdt-req-4,challenge-atlassian-confluence-crdt,Atlassian: Real-Time Collaborative Document CRDT Vector Clock Engine,Atlassian,Staff Software Engineer — Collaborative Editing,CRITICAL_JUDGMENT,"Catches duplicate event processing vulnerabilities, lack of retry backoff jitter, and swallowed network exceptions. Injected canary trap: AI orders CRDT character insertions by local sequence number rather than causal vector clock comparisons, causing inverted character typing under high network latency.",20,3,"AI orders CRDT character insertions by local sequence number rather than causal vector clock comparisons, causing inverted character typing under high network latency.","Audits the AI diff carefully, detects the domain vulnerability, and forces an immediate refactor. Verifies that the refactored code passes all negative test cases.","Fails to catch the deliberate bug, allowing critical errors to enter production."
challenge-miro-whiteboard-quadtree-req-4,challenge-miro-whiteboard-quadtree,Miro: Infinite Canvas QuadTree Spatial Indexer & Culling Engine,Miro,Senior Canvas Architecture Developer,CRITICAL_JUDGMENT,"Catches variable frame dt drift, O(N^2) pairwise proximity checks, and in-loop coordinate mutations. Injected canary trap: AI partitions QuadTree nodes without a maximum depth limit when multiple sticky notes share identical coordinates, triggering an infinite recursive stack overflow.",20,3,"AI partitions QuadTree nodes without a maximum depth limit when multiple sticky notes share identical coordinates, triggering an infinite recursive stack overflow.","Audits the AI diff carefully, detects the domain vulnerability, and forces an immediate refactor. Verifies that the refactored code passes all negative test cases.","Fails to catch the deliberate bug, allowing critical errors to enter production."
challenge-figma-boolean-clipper-req-4,challenge-figma-boolean-clipper,Figma: 2D Vector Path Boolean Union & Difference Clipper,Figma,Senior Vector Engine Developer,CRITICAL_JUDGMENT,"Catches blurry canvas rendering on high-DPI screens, uncleaned event listeners, and NaN coordinate drift. Injected canary trap: AI evaluates polygon segment intersections using exact float equality (x1 == x2), failing on diagonal line overlaps and creating missing holes in exported shapes.",20,3,"AI evaluates polygon segment intersections using exact float equality (x1 == x2), failing on diagonal line overlaps and creating missing holes in exported shapes.","Audits the AI diff carefully, detects the domain vulnerability, and forces an immediate refactor. Verifies that the refactored code passes all negative test cases.","Fails to catch the deliberate bug, allowing critical errors to enter production."
challenge-procreate-webgl-shader-req-4,challenge-procreate-webgl-shader,Procreate / Savage Interactive: WebGL Dual-Source Color Blending & Brush Shader,Procreate / Savage Interactive,Senior Graphics Shader Developer,CRITICAL_JUDGMENT,"Catches blurry canvas rendering on high-DPI screens, uncleaned event listeners, and NaN coordinate drift. Injected canary trap: AI blends RGB color values in non-linear sRGB space without linear gamma conversion, resulting in dark, muddy color fringes on overlapping brush strokes.",20,3,"AI blends RGB color values in non-linear sRGB space without linear gamma conversion, resulting in dark, muddy color fringes on overlapping brush strokes.","Audits the AI diff carefully, detects the domain vulnerability, and forces an immediate refactor. Verifies that the refactored code passes all negative test cases.","Fails to catch the deliberate bug, allowing critical errors to enter production."
challenge-webaudio-polyphony-req-4,challenge-webaudio-polyphony,Ableton / RØDE Microphones: Low-Latency Polyphonic Synthesizer Voice Allocator,Ableton / RØDE Microphones,Senior Audio Systems Engineer,CRITICAL_JUDGMENT,"Catches variable frame dt drift, O(N^2) pairwise proximity checks, and in-loop coordinate mutations. Injected canary trap: AI allocates synthesizer voices without dynamic voice stealing, causing stuck audio drones when rapid MIDI note-off messages are dropped under buffer underruns.",20,2,"AI allocates synthesizer voices without dynamic voice stealing, causing stuck audio drones when rapid MIDI note-off messages are dropped under buffer underruns.","Audits the AI diff carefully, detects the domain vulnerability, and forces an immediate refactor. Verifies that the refactored code passes all negative test cases.","Fails to catch the deliberate bug, allowing critical errors to enter production."
challenge-linear-git-sync-req-4,challenge-linear-git-sync,Linear: Offline-First Distributed Sync Engine & Tombstone Manager,Linear,Senior Systems Engineer — Sync Engine,CRITICAL_JUDGMENT,"Catches duplicate event processing vulnerabilities, lack of retry backoff jitter, and swallowed network exceptions. Injected canary trap: AI purges deletion tombstone markers immediately upon client disconnect, causing deleted project issues to be resurrected when the offline client reconnects.",20,3,"AI purges deletion tombstone markers immediately upon client disconnect, causing deleted project issues to be resurrected when the offline client reconnects.","Audits the AI diff carefully, detects the domain vulnerability, and forces an immediate refactor. Verifies that the refactored code passes all negative test cases.","Fails to catch the deliberate bug, allowing critical errors to enter production."
